{
    "16": [
        0.007824,
        0.005004,
        0.007014
    ],
    "17": [
        0.007824,
        0.005004,
        0.007314
    ],
    "18": [
        0.007824,
        0.005004,
        0.007614000000000001
    ],
    "22": [
        0.007824,
        0.005304,
        0.006714
    ],
    "23": [
        0.007824,
        0.005304,
        0.007014
    ],
    "24": [
        0.007824,
        0.005304,
        0.007314
    ],
    "25": [
        0.007824,
        0.005304,
        0.007614000000000001
    ],
    "29": [
        0.007824,
        0.005604,
        0.006714
    ],
    "30": [
        0.007824,
        0.005604,
        0.007014
    ],
    "31": [
        0.007824,
        0.005604,
        0.007314
    ],
    "46": [
        0.008124,
        0.004404,
        0.007614000000000001
    ],
    "51": [
        0.008124,
        0.004704,
        0.007014
    ],
    "52": [
        0.008124,
        0.004704,
        0.007314
    ],
    "53": [
        0.008124,
        0.004704,
        0.007614000000000001
    ],
    "54": [
        0.008124,
        0.004704,
        0.007914000000000001
    ],
    "57": [
        0.008124,
        0.005004,
        0.006714
    ],
    "58": [
        0.008124,
        0.005004,
        0.007014
    ],
    "59": [
        0.008124,
        0.005004,
        0.007314
    ],
    "60": [
        0.008124,
        0.005004,
        0.007614000000000001
    ],
    "63": [
        0.008124,
        0.005304,
        0.006414
    ],
    "64": [
        0.008124,
        0.005304,
        0.006714
    ],
    "65": [
        0.008124,
        0.005304,
        0.007014
    ],
    "66": [
        0.008124,
        0.005304,
        0.007314
    ],
    "67": [
        0.008124,
        0.005304,
        0.007614000000000001
    ],
    "70": [
        0.008124,
        0.005604,
        0.006414
    ],
    "71": [
        0.008124,
        0.005604,
        0.006714
    ],
    "72": [
        0.008124,
        0.005604,
        0.007014
    ],
    "87": [
        0.008424,
        0.004404,
        0.007314
    ],
    "88": [
        0.008424,
        0.004404,
        0.007614000000000001
    ],
    "89": [
        0.008424,
        0.004404,
        0.007914000000000001
    ],
    "93": [
        0.008424,
        0.004704,
        0.007014
    ],
    "94": [
        0.008424,
        0.004704,
        0.007314
    ],
    "95": [
        0.008424,
        0.004704,
        0.007614000000000001
    ],
    "96": [
        0.008424,
        0.004704,
        0.007914000000000001
    ],
    "99": [
        0.008424,
        0.005004,
        0.006714
    ],
    "100": [
        0.008424,
        0.005004,
        0.007014
    ],
    "101": [
        0.008424,
        0.005004,
        0.007314
    ],
    "102": [
        0.008424,
        0.005004,
        0.007614000000000001
    ],
    "105": [
        0.008424,
        0.005304,
        0.006414
    ],
    "106": [
        0.008424,
        0.005304,
        0.006714
    ],
    "107": [
        0.008424,
        0.005304,
        0.007014
    ],
    "108": [
        0.008424,
        0.005304,
        0.007314
    ],
    "112": [
        0.008424,
        0.005604,
        0.006414
    ],
    "129": [
        0.008723999999999999,
        0.004404,
        0.007314
    ],
    "130": [
        0.008723999999999999,
        0.004404,
        0.007614000000000001
    ],
    "135": [
        0.008723999999999999,
        0.004704,
        0.007014
    ],
    "136": [
        0.008723999999999999,
        0.004704,
        0.007314
    ],
    "137": [
        0.008723999999999999,
        0.004704,
        0.007614000000000001
    ],
    "147": [
        0.008723999999999999,
        0.005304,
        0.006414
    ],
    "148": [
        0.008723999999999999,
        0.005304,
        0.006714
    ]
}