{
    "9": [
        0.007743,
        0.004674,
        0.007356
    ],
    "10": [
        0.007743,
        0.004674,
        0.007656
    ],
    "15": [
        0.007743,
        0.004974,
        0.007356
    ],
    "16": [
        0.007743,
        0.004974,
        0.007656
    ],
    "19": [
        0.007743,
        0.005274,
        0.006756
    ],
    "20": [
        0.007743,
        0.005274,
        0.007056
    ],
    "21": [
        0.007743,
        0.005274,
        0.007356
    ],
    "22": [
        0.007743,
        0.005274,
        0.007656
    ],
    "24": [
        0.007743,
        0.005574000000000001,
        0.006456
    ],
    "25": [
        0.007743,
        0.005574000000000001,
        0.006756
    ],
    "26": [
        0.007743,
        0.005574000000000001,
        0.007056
    ],
    "27": [
        0.007743,
        0.005574000000000001,
        0.007356
    ],
    "40": [
        0.008043,
        0.004374,
        0.007656
    ],
    "45": [
        0.008043,
        0.004674,
        0.007356
    ],
    "46": [
        0.008043,
        0.004674,
        0.007656
    ],
    "49": [
        0.008043,
        0.004974,
        0.006756
    ],
    "50": [
        0.008043,
        0.004974,
        0.007056
    ],
    "51": [
        0.008043,
        0.004974,
        0.007356
    ],
    "52": [
        0.008043,
        0.004974,
        0.007656
    ],
    "54": [
        0.008043,
        0.005274,
        0.006456
    ],
    "55": [
        0.008043,
        0.005274,
        0.006756
    ],
    "56": [
        0.008043,
        0.005274,
        0.007056
    ],
    "57": [
        0.008043,
        0.005274,
        0.007356
    ],
    "58": [
        0.008043,
        0.005274,
        0.007656
    ],
    "60": [
        0.008043,
        0.005574000000000001,
        0.006456
    ],
    "61": [
        0.008043,
        0.005574000000000001,
        0.006756
    ],
    "62": [
        0.008043,
        0.005574000000000001,
        0.007056
    ],
    "63": [
        0.008043,
        0.005574000000000001,
        0.007356
    ],
    "75": [
        0.008343,
        0.004374,
        0.007356
    ],
    "76": [
        0.008343,
        0.004374,
        0.007656
    ],
    "79": [
        0.008343,
        0.004674,
        0.006756
    ],
    "80": [
        0.008343,
        0.004674,
        0.007056
    ],
    "81": [
        0.008343,
        0.004674,
        0.007356
    ],
    "82": [
        0.008343,
        0.004674,
        0.007656
    ],
    "85": [
        0.008343,
        0.004974,
        0.006756
    ],
    "86": [
        0.008343,
        0.004974,
        0.007056
    ],
    "87": [
        0.008343,
        0.004974,
        0.007356
    ],
    "88": [
        0.008343,
        0.004974,
        0.007656
    ],
    "90": [
        0.008343,
        0.005274,
        0.006456
    ],
    "91": [
        0.008343,
        0.005274,
        0.006756
    ],
    "92": [
        0.008343,
        0.005274,
        0.007056
    ],
    "93": [
        0.008343,
        0.005274,
        0.007356
    ],
    "94": [
        0.008343,
        0.005274,
        0.007656
    ],
    "96": [
        0.008343,
        0.005574000000000001,
        0.006456
    ],
    "97": [
        0.008343,
        0.005574000000000001,
        0.006756
    ],
    "98": [
        0.008343,
        0.005574000000000001,
        0.007056
    ],
    "110": [
        0.008643,
        0.004374,
        0.007056
    ],
    "111": [
        0.008643,
        0.004374,
        0.007356
    ],
    "112": [
        0.008643,
        0.004374,
        0.007656
    ],
    "116": [
        0.008643,
        0.004674,
        0.007056
    ],
    "117": [
        0.008643,
        0.004674,
        0.007356
    ],
    "118": [
        0.008643,
        0.004674,
        0.007656
    ],
    "121": [
        0.008643,
        0.004974,
        0.006756
    ],
    "122": [
        0.008643,
        0.004974,
        0.007056
    ],
    "123": [
        0.008643,
        0.004974,
        0.007356
    ],
    "124": [
        0.008643,
        0.004974,
        0.007656
    ],
    "126": [
        0.008643,
        0.005274,
        0.006456
    ],
    "127": [
        0.008643,
        0.005274,
        0.006756
    ],
    "128": [
        0.008643,
        0.005274,
        0.007056
    ],
    "146": [
        0.008943,
        0.004374,
        0.007056
    ],
    "147": [
        0.008943,
        0.004374,
        0.007356
    ],
    "148": [
        0.008943,
        0.004374,
        0.007656
    ],
    "152": [
        0.008943,
        0.004674,
        0.007056
    ],
    "153": [
        0.008943,
        0.004674,
        0.007356
    ],
    "154": [
        0.008943,
        0.004674,
        0.007656
    ],
    "157": [
        0.008943,
        0.004974,
        0.006756
    ],
    "158": [
        0.008943,
        0.004974,
        0.007056
    ],
    "159": [
        0.008943,
        0.004974,
        0.007356
    ],
    "163": [
        0.008943,
        0.005274,
        0.006756
    ],
    "164": [
        0.008943,
        0.005274,
        0.007056
    ]
}